{"cameraMode":{"drawMode":0,"name":"Shaded","section":"Shading Mode"},"sceneLighting":true,"audioPlay":false,"sceneViewState":{"showFog":true,"showMaterialUpdate":false,"showSkybox":true,"showFlares":true,"showImageEffects":true,"showParticleSystems":true},"in2DMode":false,"pivot":{"x":-1.2868118286132813,"y":-19.42411231994629,"z":-6.670970916748047},"rotation":{"x":-0.3727681636810303,"y":0.6101589202880859,"z":-0.3936898708343506,"w":-0.5777544975280762},"size":23.88356590270996,"orthographic":false}